<?xml version="1.0"?>
<!--<!DOCTYPE metadata SYSTEM "http://www.esri.com/metadata/esriprof80.dtd">-->
<metadata xml:lang="en"><Esri><CreaDate>20090302</CreaDate><CreaTime>20102000</CreaTime><SyncOnce>TRUE</SyncOnce><MetaID>{EB92EB0B-5BF6-4F83-AA08-87DE981FB8CA}</MetaID></Esri><idinfo><citation><citeinfo><onlink Sync="TRUE">\\MOBILE\C$\1-working\amnh\lab6\lab_files\town</onlink></citeinfo></citation></idinfo><distInfo><distributor><distorTran><onLineSrc><linkage Sync="TRUE">file://\\MOBILE\C$\1-working\amnh\lab6\lab_files\town</linkage><protocol Sync="TRUE">Local Area Network</protocol></onLineSrc></distorTran></distributor></distInfo><dataqual><lineage><procstep><procdesc Sync="TRUE">Dataset copied.</procdesc><srcused Sync="TRUE">C:\temp\ge3502\Exercise2\town</srcused><date Sync="TRUE">20040308</date><time Sync="TRUE">09333000</time></procstep><procstep><procdesc Sync="TRUE">Dataset copied.</procdesc><srcused Sync="TRUE">C:\1-working\amnh\lab6\Exercise2\town</srcused><procdate Sync="TRUE">20090302</procdate><proctime Sync="TRUE">20102000</proctime></procstep></lineage></dataqual></metadata>
