<?xml version="1.0"?>
<!--<!DOCTYPE metadata SYSTEM "http://www.esri.com/metadata/esriprof80.dtd">-->
<metadata xml:lang="en"><Esri><CreaDate>20090302</CreaDate><CreaTime>20101100</CreaTime><SyncOnce>TRUE</SyncOnce><MetaID>{678B4907-CD77-45F8-88C8-4EA3B7A32544}</MetaID></Esri><idinfo><citation><citeinfo><onlink Sync="TRUE">\\MOBILE\C$\1-working\amnh\lab6\lab_files\coast</onlink></citeinfo></citation></idinfo><distInfo><distributor><distorTran><onLineSrc><linkage Sync="TRUE">file://\\MOBILE\C$\1-working\amnh\lab6\lab_files\coast</linkage><protocol Sync="TRUE">Local Area Network</protocol></onLineSrc></distorTran></distributor></distInfo><dataqual><lineage><procstep><procdesc Sync="TRUE">Dataset copied.</procdesc><srcused Sync="TRUE">C:\1-working\amnh\lab6\Exercise2\coast</srcused><procdate Sync="TRUE">20090302</procdate><proctime Sync="TRUE">20101200</proctime></procstep></lineage></dataqual></metadata>
