<?xml version="1.0"?>
<!--<!DOCTYPE metadata SYSTEM "http://www.esri.com/metadata/esriprof80.dtd">-->
<metadata xml:lang="en"><Esri><CreaDate>20090302</CreaDate><CreaTime>20101700</CreaTime><SyncOnce>TRUE</SyncOnce><MetaID>{39DD64AE-EA38-4C90-BE29-C9E51FFA18C0}</MetaID></Esri><idinfo><citation><citeinfo><onlink Sync="TRUE">\\MOBILE\C$\1-working\amnh\lab6\lab_files\rainforest_clip</onlink></citeinfo></citation></idinfo><distInfo><distributor><distorTran><onLineSrc><linkage Sync="TRUE">file://\\MOBILE\C$\1-working\amnh\lab6\lab_files\rainforest_clip</linkage><protocol Sync="TRUE">Local Area Network</protocol></onLineSrc></distorTran></distributor></distInfo><dataqual><lineage><procstep><procdesc Sync="TRUE">Dataset copied.</procdesc><srcused Sync="TRUE">C:\1-working\amnh\lab6\Exercise2\rainforest_clip</srcused><procdate Sync="TRUE">20090302</procdate><proctime Sync="TRUE">20101700</proctime></procstep></lineage></dataqual></metadata>
