<?xml version="1.0"?>
<!--<!DOCTYPE metadata SYSTEM "http://www.esri.com/metadata/esriprof80.dtd">-->
<metadata xml:lang="en"><Esri><CreaDate>20090302</CreaDate><CreaTime>20101900</CreaTime><SyncOnce>TRUE</SyncOnce><MetaID>{4E86FA91-0F9B-483D-8D6D-1E65DFB46F4A}</MetaID></Esri><idinfo><citation><citeinfo><onlink Sync="TRUE">\\MOBILE\C$\1-working\amnh\lab6\lab_files\rivers_clip</onlink></citeinfo></citation></idinfo><distInfo><distributor><distorTran><onLineSrc><linkage Sync="TRUE">file://\\MOBILE\C$\1-working\amnh\lab6\lab_files\rivers_clip</linkage><protocol Sync="TRUE">Local Area Network</protocol></onLineSrc></distorTran></distributor></distInfo><dataqual><lineage><procstep><procdesc Sync="TRUE">Dataset copied.</procdesc><srcused Sync="TRUE">C:\1-working\amnh\lab6\Exercise2\rivers_clip</srcused><procdate Sync="TRUE">20090302</procdate><proctime Sync="TRUE">20101900</proctime></procstep></lineage></dataqual></metadata>
