<?xml version="1.0"?>
<!--<!DOCTYPE metadata SYSTEM "http://www.esri.com/metadata/esriprof80.dtd">-->
<metadata xml:lang="en"><Esri><CreaDate>20090302</CreaDate><CreaTime>20102000</CreaTime><SyncOnce>TRUE</SyncOnce><MetaID>{D501D218-DB2B-4BC0-BCE8-95FCC234B6D2}</MetaID></Esri><idinfo><citation><citeinfo><onlink Sync="TRUE">\\MOBILE\C$\1-working\amnh\lab6\lab_files\roads</onlink></citeinfo></citation></idinfo><distInfo><distributor><distorTran><onLineSrc><linkage Sync="TRUE">file://\\MOBILE\C$\1-working\amnh\lab6\lab_files\roads</linkage><protocol Sync="TRUE">Local Area Network</protocol></onLineSrc></distorTran></distributor></distInfo><dataqual><lineage><procstep><procdesc Sync="TRUE">Dataset copied.</procdesc><srcused Sync="TRUE">C:\1-working\amnh\lab6\Exercise2\roads</srcused><procdate Sync="TRUE">20090302</procdate><proctime Sync="TRUE">20102000</proctime></procstep></lineage></dataqual></metadata>
